[
  {
    "title": "Phonics Song with TWO Words - A For Apple - ABC Alphabet Songs with Sounds for Children",
    "url": "https://www.youtube.com/watch?v=hq3yfQnllfQ&pp=ygUEYWJjZA%3D%3D",
    "views": 0
  },
  {
    "title": "ABC Alphabet Song | A for apple Phonics Song | ABCD Alphabet Rhymes for Nursery Kids - KK Education",
    "url": "https://www.youtube.com/watch?v=KqKBmsK3IOo&pp=ygUEYWJjZA%3D%3D",
    "views": 0
  },
  {
    "title": "ABC Song | Learn ABC Alphabet for Children | Education ABC Nursery Rhymes",
    "url": "https://www.youtube.com/watch?v=ezmsrB59mj8&pp=ygUEYWJjZA%3D%3D",
    "views": 0
  },
  {
    "title": "Roma and Diana learn the alphabet / ABC song",
    "url": "https://www.youtube.com/watch?v=NvdUSZyCGRs&pp=ygUEYWJjZA%3D%3D",
    "views": 0
  },
  {
    "title": "A For Apple B For Ball I Abcd Song I Abcd Rhymes I Abc Song Nursery Rhymes I Happy Bachpan",
    "url": "https://www.youtube.com/watch?v=gHnWkmW6qRI&pp=ygUEYWJjZA%3D%3D",
    "views": 0
  },
  {
    "title": "ABC Song + More Nursery Rhymes & Kids Songs - CoComelon",
    "url": "https://www.youtube.com/watch?v=71h8MZshGSs&pp=ygUEYWJjZA%3D%3D",
    "views": 0
  },
  {
    "title": "ABC Song with Balloons and Animals | CoComelon Nursery Rhymes & Animal Songs",
    "url": "https://www.youtube.com/watch?v=om_1599v70c&pp=ygUEYWJjZA%3D%3D",
    "views": 0
  },
  {
    "title": "🍦 Fruit Ice Cream Song | Pea Pea Nursery Rhymes & Kids Songs",
    "url": "https://www.youtube.com/watch?v=aefykR0gxGU&pp=ygUEYWJjZA%3D%3D",
    "views": 0
  },
  {
    "title": "ABCD In the Morning Brush your Teeth 🎵 ABC SONG | Lingokids",
    "url": "https://www.youtube.com/watch?v=eegWzglBMh0&pp=ygUEYWJjZA%3D%3D",
    "views": 0
  },
  {
    "title": "Small Alphabet'abc,e for elephant #abcd quickly learn Tracing#usa#uk#United Kingdom#youtube#ytshorts",
    "url": "https://www.youtube.com/shorts/ZgSKOcWQObI",
    "views": 0
  },
  {
    "title": "a for apple b for ball c for cat, abcd, alphabets, phonics song, abcde for toddlers @kidspoint7178",
    "url": "https://www.youtube.com/watch?v=o2Zn1L15AHw&pp=ygUEYWJjZA%3D%3D",
    "views": 0
  },
  {
    "title": "Diana and Roma learn the alphabet and how to count",
    "url": "https://www.youtube.com/watch?v=4XGLPTtn4xQ&pp=ygUEYWJjZA%3D%3D",
    "views": 0
  },
  {
    "title": "Educational stories for kids from Vlad and Niki",
    "url": "https://www.youtube.com/watch?v=_l928dd288Q&pp=ygUEYWJjZA%3D%3D",
    "views": 0
  },
  {
    "title": "ChuChu TV Classics - Phonics Song with Two Words | Nursery Rhymes and Kids Songs",
    "url": "https://www.youtube.com/watch?v=2n4enj6YMnw&pp=ygUEYWJjZA%3D%3D",
    "views": 0
  },
  {
    "title": "Experiment: Balloons of Fanta, Pepsi, Sprite, Mtn Dew, Sodas, Coca-Cola vs Mentos in Big Underground",
    "url": "https://www.youtube.com/watch?v=QPELNowwyXo&pp=ygUEYWJjZA%3D%3D",
    "views": 0
  },
  {
    "title": "ABCD || Dulquer Salmaan Super Hit Comedy Action Movie || Hindi Dubbed South Action Movie || HD",
    "url": "https://www.youtube.com/watch?v=nw5k4mMcBPA&pp=ygUEYWJjZA%3D%3D",
    "views": 0
  },
  {
    "title": "Learn Alphabet Train Song - 3D Animation Alphabet ABC Train song for children",
    "url": "https://www.youtube.com/watch?v=Euajm_vNLW8&pp=ygUEYWJjZA%3D%3D",
    "views": 0
  },
  {
    "title": "A for apple | अ से अनार | abcd | phonics song | a for apple b for ball c for cat | abcd song | abcde",
    "url": "https://www.youtube.com/watch?v=OuskxtK0C6s&pp=ygUEYWJjZA%3D%3D",
    "views": 0
  },
  {
    "title": "abcd, abcde, a for apple b for ball C for cat ,alphabets, phonics song, English varnmala,122",
    "url": "https://www.youtube.com/watch?v=dHnE6unWn08&pp=ygUEYWJjZA%3D%3D",
    "views": 0
  },
  {
    "title": "English Alphabet  | ABCD | Learn abcd | Alphabet Vocabulary | A for Apple , B for Ball, C for Cat",
    "url": "https://www.youtube.com/watch?v=q6eW9TmteQU&pp=ygUEYWJjZA%3D%3D",
    "views": 0
  },
  {
    "title": "Roma and Diana ABC Challenge with Oliver and Other Educational Video for Kids!",
    "url": "https://www.youtube.com/watch?v=pH1Vi34BChw&pp=ygUEYWJjZA%3D%3D",
    "views": 0
  },
  {
    "title": "How to Write Letters for Children - Teaching Writing ABC for Preschool - Alphabet for Kids",
    "url": "https://www.youtube.com/watch?v=C7oebqj3PCY&pp=ygUEYWJjZA%3D%3D",
    "views": 0
  },
  {
    "title": "ABC Song with ChuChu Toy Train - Alphabet Song for Kids - ChuChu TV",
    "url": "https://www.youtube.com/watch?v=Nkmarl4ynRM&pp=ygUEYWJjZA%3D%3D",
    "views": 0
  },
  {
    "title": "Best Learn ABC Puzzle | Preschool Toddler Learning Toy Video",
    "url": "https://www.youtube.com/watch?v=SRVnwl0L4-A&pp=ygUEYWJjZA%3D%3D",
    "views": 0
  },
  {
    "title": "ABC Song | Nursery Rhymes | 3D Baby Songs | Alphabet Rhyme by Farmees",
    "url": "https://www.youtube.com/watch?v=VLvsamvqCic&pp=ygUEYWJjZA%3D%3D",
    "views": 0
  },
  {
    "title": "ChuChu TV Classics - Numbers Song - Learn to Count from 1 to 10 | Nursery Rhymes and Kids Songs",
    "url": "https://www.youtube.com/watch?v=JT0MmZcJ2Vw&pp=ygUEYWJjZA%3D%3D",
    "views": 0
  },
  {
    "title": "ABC Songs for Children - ABCD Song in Alphabet Water Park - Phonics Songs & Nursery Rhymes",
    "url": "https://www.youtube.com/watch?v=B5csN8gQY4E&pp=ygUEYWJjZA%3D%3D",
    "views": 0
  }
]