Title,URL,Views
Phonics Song with TWO Words - A For Apple - ABC Alphabet Songs with Sounds for Children,https://www.youtube.com/watch?v=hq3yfQnllfQ&pp=ygUEYWJjZA%3D%3D,549
ABC Alphabet Song | A for apple Phonics Song | ABCD Alphabet Rhymes for Nursery Kids - KK Education,https://www.youtube.com/watch?v=KqKBmsK3IOo&pp=ygUEYWJjZA%3D%3D,172
Roma and Diana learn the alphabet / ABC song,https://www.youtube.com/watch?v=NvdUSZyCGRs&pp=ygUEYWJjZA%3D%3D,6892
ABC Song | Learn ABC Alphabet for Children | Education ABC Nursery Rhymes,https://www.youtube.com/watch?v=ezmsrB59mj8&pp=ygUEYWJjZA%3D%3D,3365
🍦 Fruit Ice Cream Song | Pea Pea Nursery Rhymes & Kids Songs,https://www.youtube.com/watch?v=aefykR0gxGU&pp=ygUEYWJjZA%3D%3D,231
A for apple | अ से अनार | abcd | phonics song | a for apple b for ball c for cat | abcd song | abcde,https://www.youtube.com/watch?v=OuskxtK0C6s&pp=ygUEYWJjZA%3D%3D,61
ABC Song with Balloons and Animals | CoComelon Nursery Rhymes & Animal Songs,https://www.youtube.com/watch?v=om_1599v70c&pp=ygUEYWJjZA%3D%3D,475
A For Apple B For Ball I Abcd Song I Abcd Rhymes I Abc Song Nursery Rhymes I Happy Bachpan,https://www.youtube.com/watch?v=gHnWkmW6qRI&pp=ygUEYWJjZA%3D%3D,6902
Learn Alphabet Train Song - 3D Animation Alphabet ABC Train song for children,https://www.youtube.com/watch?v=Euajm_vNLW8&pp=ygUEYWJjZA%3D%3D,4748
a for apple b for ball c for cat, abcd, alphabets, phonics song, abcde for toddlers @kidspoint7178,https://www.youtube.com/watch?v=o2Zn1L15AHw&pp=ygUEYWJjZA%3D%3D,131
Roma and Diana ABC Challenge with Oliver and Other Educational Video for Kids!,https://www.youtube.com/watch?v=pH1Vi34BChw&pp=ygUEYWJjZA%3D%3D,164
Experiment: Balloons of Fanta, Pepsi, Sprite, Mtn Dew, Sodas, Coca-Cola vs Mentos in Big Underground,https://www.youtube.com/watch?v=QPELNowwyXo&pp=ygUEYWJjZA%3D%3D,21
Diana and Roma learn the alphabet and how to count,https://www.youtube.com/watch?v=4XGLPTtn4xQ&pp=ygUEYWJjZA%3D%3D,3772
Maggie and Diana - stories about being kind and share with friends,https://www.youtube.com/watch?v=j7x-DeJ3oUE&pp=ygUEYWJjZA%3D%3D,241
Educational stories for kids from Vlad and Niki,https://www.youtube.com/watch?v=_l928dd288Q&pp=ygUEYWJjZA%3D%3D,1511
ABC Song + More Nursery Rhymes & Kids Songs - CoComelon,https://www.youtube.com/watch?v=71h8MZshGSs&pp=ygUEYWJjZA%3D%3D,14
How to Write Letters for Children - Teaching Writing ABC for Preschool - Alphabet for Kids,https://www.youtube.com/watch?v=C7oebqj3PCY&pp=ygUEYWJjZA%3D%3D,552
abcd, abcde, a for apple b for ball C for cat ,alphabets, phonics song, English varnmala,122,https://www.youtube.com/watch?v=dHnE6unWn08&pp=ygUEYWJjZA%3D%3D,135
English Alphabet  | ABCD | Learn abcd | Alphabet Vocabulary | A for Apple , B for Ball, C for Cat,https://www.youtube.com/watch?v=q6eW9TmteQU&pp=ygUEYWJjZA%3D%3D,422
Best Learn ABC Puzzle | Preschool Toddler Learning Toy Video,https://www.youtube.com/watch?v=SRVnwl0L4-A&pp=ygUEYWJjZA%3D%3D,553
Пісня ABC, алфавіт для дітей з мультяшними звукам,https://www.youtube.com/watch?v=bL5s6ZF5WV4&pp=ygUEYWJjZA%3D%3D,702
ABCD In the Morning Brush your Teeth 🎵 ABC SONG | Lingokids,https://www.youtube.com/watch?v=eegWzglBMh0&pp=ygUEYWJjZA%3D%3D,2903
Phonics Song 2 with TWO Words in 3D - A For Airplane - ABC Alphabet Songs with Sounds for Children,https://www.youtube.com/watch?v=zAax3z5uQ2k&pp=ygUEYWJjZA%3D%3D,174
ABC Song with ChuChu Toy Train - Alphabet Song for Kids - ChuChu TV,https://www.youtube.com/watch?v=Nkmarl4ynRM&pp=ygUEYWJjZA%3D%3D,3773
एबीसीडी | abcd | abcd rhymes | abcde | abcd cartoon | abcdefg | abcd song | a b c d e f g |abcd abcd,https://www.youtube.com/watch?v=8EAd2zHZFOs&pp=ygUEYWJjZA%3D%3D,131
ABC Songs for Children - ABCD Song in Alphabet Water Park - Phonics Songs & Nursery Rhymes,https://www.youtube.com/watch?v=B5csN8gQY4E&pp=ygUEYWJjZA%3D%3D,2669
Monkey Baby Bon Bon oes to the toilet and plays with Ducklings in the swimming pool,https://www.youtube.com/watch?v=YXwnKgSXFKE&pp=ygUEYWJjZA%3D%3D,3176